{
  "R1-PA1:VH":{
    "type":"voltage_phase_angle",
    "median":-3.443476,
    "q25":-100.777547,
    "q75":74.467325,
    "p95":146.5648956,
    "p99":177.30728984
  },
  "R1-PM1:V":{
    "type":"voltage_magnitude",
    "median":131659.7408,
    "q25":131108.1288,
    "q75":132111.0596,
    "p95":132537.3052,
    "p99":133214.2835
  },
  "R1-PA2:VH":{
    "type":"voltage_phase_angle",
    "median":-9.614232,
    "q25":-110.672528,
    "q75":91.260718,
    "p95":154.1737758,
    "p99":177.59651944
  },
  "R1-PM2:V":{
    "type":"voltage_magnitude",
    "median":131609.5942,
    "q25":131083.0556,
    "q75":132085.9864,
    "p95":132507.21734,
    "p99":133188.207272
  },
  "R1-PA3:VH":{
    "type":"voltage_phase_angle",
    "median":-13.355646,
    "q25":-113.399807,
    "q75":85.238931,
    "p95":138.889553,
    "p99":177.51813876
  },
  "R1-PM3:V":{
    "type":"voltage_magnitude",
    "median":131709.8873,
    "q25":131183.3486,
    "q75":132186.2794,
    "p95":132612.525,
    "p99":133288.500372
  },
  "R1-PA4:IH":{
    "type":"current_phase_angle",
    "median":-3.649741,
    "q25":-98.457068,
    "q75":73.017741,
    "p95":150.3441252,
    "p99":175.71148844
  },
  "R1-PM4:I":{
    "type":"current_magnitude",
    "median":393.86961,
    "q25":319.52695,
    "q75":455.21146,
    "p95":516.18709,
    "p99":565.4290312
  },
  "R1-PA5:IH":{
    "type":"current_phase_angle",
    "median":-8.749066,
    "q25":-110.810038,
    "q75":89.782487,
    "p95":159.5664544,
    "p99":176.83058892
  },
  "R1-PM5:I":{
    "type":"current_magnitude",
    "median":396.61626,
    "q25":320.62561,
    "q75":457.95811,
    "p95":516.699798,
    "p99":587.6219632
  },
  "R1-PA6:IH":{
    "type":"current_phase_angle",
    "median":-7.666175,
    "q25":-110.185514,
    "q75":85.909292,
    "p95":167.3277402,
    "p99":179.09377288
  },
  "R1-PM6:I":{
    "type":"current_magnitude",
    "median":393.32028,
    "q25":319.52695,
    "q75":455.21146,
    "p95":516.3702,
    "p99":560.8439568
  },
  "R1-PA7:VH":{
    "type":"voltage_phase_angle",
    "median":-3.426288,
    "q25":-100.760358,
    "q75":74.478784,
    "p95":146.5866686,
    "p99":177.3302088
  },
  "R1-PM7:V":{
    "type":"voltage_magnitude",
    "median":131659.7408,
    "q25":131133.2021,
    "q75":132136.1329,
    "p95":132537.3052,
    "p99":133238.353868
  },
  "R1-PA8:VH":{
    "type":"voltage_phase_angle",
    "median":0.0,
    "q25":0.0,
    "q75":0.0,
    "p95":0.0,
    "p99":0.0
  },
  "R1-PM8:V":{
    "type":"voltage_magnitude",
    "median":0.0,
    "q25":0.0,
    "q75":0.0,
    "p95":0.0,
    "p99":0.0
  },
  "R1-PA9:VH":{
    "type":"voltage_phase_angle",
    "median":0.0,
    "q25":0.0,
    "q75":0.0,
    "p95":0.0,
    "p99":0.0
  },
  "R1-PM9:V":{
    "type":"voltage_magnitude",
    "median":0.0,
    "q25":0.0,
    "q75":0.0,
    "p95":0.0,
    "p99":0.0
  },
  "R1-PA10:IH":{
    "type":"current_phase_angle",
    "median":-3.52369,
    "q25":-98.210696,
    "q75":73.44173,
    "p95":150.5561196,
    "p99":175.79238944
  },
  "R1-PM10:I":{
    "type":"current_magnitude",
    "median":394.41894,
    "q25":319.52695,
    "q75":455.9439,
    "p95":516.91953,
    "p99":570.0067812
  },
  "R1-PA11:IH":{
    "type":"current_phase_angle",
    "median":0.0,
    "q25":0.0,
    "q75":0.0,
    "p95":0.0,
    "p99":0.0
  },
  "R1-PM11:I":{
    "type":"current_magnitude",
    "median":0.0,
    "q25":0.0,
    "q75":0.0,
    "p95":9.33861,
    "p99":17.853225
  },
  "R1-PA12:IH":{
    "type":"current_phase_angle",
    "median":0.0,
    "q25":0.0,
    "q75":0.0,
    "p95":36.6693,
    "p99":36.6693
  },
  "R1-PM12:I":{
    "type":"current_magnitude",
    "median":0.0,
    "q25":0.0,
    "q75":0.0,
    "p95":9.33861,
    "p99":17.853225
  },
  "R1:F":{
    "type":"frequency",
    "median":60.0,
    "q25":59.999,
    "q75":60.0,
    "p95":60.0015,
    "p99":60.0015
  },
  "R1:DF":{
    "type":"rocof",
    "median":0.0,
    "q25":0.0,
    "q75":0.0,
    "p95":0.0,
    "p99":0.0
  },
  "R1-PA:Z":{
    "type":"impedance",
    "median":9.598383018,
    "q25":8.265491348,
    "q75":11.83139532,
    "p95":14.10932144,
    "p99":14.8269517484
  },
  "R1-PA:ZH":{
    "type":"impedance_angle",
    "median":0.036937,
    "q25":0.005424,
    "q75":0.063128,
    "p95":0.0916558,
    "p99":0.09997512
  },
  "R1:S":{
    "type":"status",
    "median":0.0,
    "q25":0.0,
    "q75":0.0,
    "p95":0.0,
    "p99":0.0
  },
  "R2-PA1:VH":{
    "type":"voltage_phase_angle",
    "median":-4.216003,
    "q25":-92.145085,
    "q75":71.952211,
    "p95":158.7529942,
    "p99":177.85471032
  },
  "R2-PM1:V":{
    "type":"voltage_magnitude",
    "median":130373.8359,
    "q25":129441.9688,
    "q75":131227.5,
    "p95":131857.22502,
    "p99":132492.638124
  },
  "R2-PA2:VH":{
    "type":"voltage_phase_angle",
    "median":-9.093933,
    "q25":-108.987122,
    "q75":90.310366,
    "p95":165.9116826,
    "p99":177.35306452
  },
  "R2-PM2:V":{
    "type":"voltage_magnitude",
    "median":130227.4141,
    "q25":129296.2266,
    "q75":131080.2031,
    "p95":131705.01876,
    "p99":132342.4906
  },
  "R2-PA3:VH":{
    "type":"voltage_phase_angle",
    "median":0.75531,
    "q25":-104.658511,
    "q75":90.266421,
    "p95":174.076728,
    "p99":178.37061904
  },
  "R2-PM3:V":{
    "type":"voltage_magnitude",
    "median":130454.4922,
    "q25":129522.5234,
    "q75":131309.2344,
    "p95":131938.2781,
    "p99":132573.491852
  },
  "R2-PA4:IH":{
    "type":"current_phase_angle",
    "median":21.914978,
    "q25":-76.26984,
    "q75":110.706486,
    "p95":171.2191798,
    "p99":177.54050148
  },
  "R2-PM4:I":{
    "type":"current_magnitude",
    "median":398.540497,
    "q25":323.930725,
    "q75":460.641846,
    "p95":522.1114872,
    "p99":571.58085744
  },
  "R2-PA5:IH":{
    "type":"current_phase_angle",
    "median":18.058778,
    "q25":-73.089294,
    "q75":111.953433,
    "p95":170.6050448,
    "p99":178.437203
  },
  "R2-PM5:I":{
    "type":"current_magnitude",
    "median":401.315674,
    "q25":324.565888,
    "q75":463.039398,
    "p95":523.2971316,
    "p99":593.5217288
  },
  "R2-PA6:IH":{
    "type":"current_phase_angle",
    "median":-1.167297,
    "q25":-86.706847,
    "q75":91.837467,
    "p95":161.6050514,
    "p99":177.70528704
  },
  "R2-PM6:I":{
    "type":"current_magnitude",
    "median":398.054138,
    "q25":324.165344,
    "q75":461.288452,
    "p95":522.9698242,
    "p99":568.88238552
  },
  "R2-PA7:VH":{
    "type":"voltage_phase_angle",
    "median":-5.07843,
    "q25":-92.881168,
    "q75":71.765446,
    "p95":158.5629344,
    "p99":177.81361932
  },
  "R2-PM7:V":{
    "type":"voltage_magnitude",
    "median":130353.7578,
    "q25":129418.7031,
    "q75":131204.5938,
    "p95":131830.64688,
    "p99":132468.728124
  },
  "R2-PA8:VH":{
    "type":"voltage_phase_angle",
    "median":0.0,
    "q25":0.0,
    "q75":0.0,
    "p95":0.0,
    "p99":0.0
  },
  "R2-PM8:V":{
    "type":"voltage_magnitude",
    "median":0.0,
    "q25":0.0,
    "q75":0.0,
    "p95":0.0,
    "p99":0.0
  },
  "R2-PA9:VH":{
    "type":"voltage_phase_angle",
    "median":0.0,
    "q25":0.0,
    "q75":0.0,
    "p95":0.0,
    "p99":0.0
  },
  "R2-PM9:V":{
    "type":"voltage_magnitude",
    "median":0.0,
    "q25":0.0,
    "q75":0.0,
    "p95":0.0,
    "p99":0.0
  },
  "R2-PA10:IH":{
    "type":"current_phase_angle",
    "median":21.964416,
    "q25":-76.187441,
    "q75":110.73395,
    "p95":171.2982842,
    "p99":177.555657
  },
  "R2-PM10:I":{
    "type":"current_magnitude",
    "median":399.467468,
    "q25":324.211121,
    "q75":461.414337,
    "p95":522.7832768,
    "p99":577.06468236
  },
  "R2-PA11:IH":{
    "type":"current_phase_angle",
    "median":0.0,
    "q25":0.0,
    "q75":0.0,
    "p95":0.0,
    "p99":0.0
  },
  "R2-PM11:I":{
    "type":"current_magnitude",
    "median":0.0,
    "q25":0.0,
    "q75":0.0,
    "p95":9.0053556,
    "p99":17.39545
  },
  "R2-PA12:IH":{
    "type":"current_phase_angle",
    "median":0.0,
    "q25":0.0,