{
    "R2-PM1:V":0.0518779226,
    "R2-PM11:I":0.0495523395,
    "R3-PM11:I":0.0488142301,
    "R2-PM8:V":0.0485995536,
    "R3-PM8:V":0.0485902115,
    "R4-PM2:V":0.0465575938,
    "R2-PA6:IH":0.0454723981
}