{
    "R2-PM1:V":0.0598697603,
    "R2-PM11:I":0.0564963155,
    "R3-PM11:I":0.0558945728,
    "R2-PM12:I":0.0537260324,
    "R1-PM11:I":0.0520119937,
    "R3-PM1:V":0.051618935,
    "R2-PM7:V":0.0505804639
}